question,answer
What is the admission process?,Admission is based on entrance exam and eligibility criteria.
What are the college timings?,College timing is from 9 AM to 4 PM.
Where is the college library located?,The library is located in Block B on the first floor.
When are semester exams conducted?,Semester exams are conducted at the end of each semester.
How can I check my results?,Results can be checked on the student portal.
What courses are offered in the college?,The college offers BTech BCA MCA MBA and other programs.
Is hostel facility available?,Yes hostel facility is available for both boys and girls.
How can I contact the administration office?,You can contact the administration through email or phone.
Where is the computer lab located?,The computer lab is located in Block C.
What is the fee payment process?,Fees can be paid online through the student portal.
Does the college provide scholarships?,Yes scholarships are available for eligible students.
How can I apply for a scholarship?,You can apply for scholarships through the scholarship portal.
What is the attendance requirement?,Students must maintain at least 75 percent attendance.
How can I get my ID card?,You can collect your ID card from the administration office.
Where is the placement cell located?,The placement cell is located in Block A.
Does the college provide internship opportunities?,Yes the college provides internship opportunities through the placement cell.
How can I access the college WiFi?,You can access WiFi using your student login credentials.
What are the library timings?,The library is open from 9 AM to 6 PM.
Where can I find the academic calendar?,The academic calendar is available on the college website.
How can I register for courses?,Course registration can be done through the student portal.
What documents are required for admission?,You need mark sheets ID proof and passport size photographs.
Is there a canteen in the college?,Yes the college has a canteen for students and staff.
Where is the examination office?,The examination office is located in Block A.
How can I update my personal details?,You can update your details through the student portal.
Who should I contact for technical issues?,Contact the IT support team for technical issues.
Does the college organize cultural events?,Yes the college organizes cultural and technical events.
Is there a sports facility available?,Yes sports facilities are available for students.
How can I join student clubs?,You can join clubs by registering during club recruitment.
What is the process for getting transcripts?,Apply for transcripts through the examination office.
Where can I submit assignments?,Assignments can be submitted through the LMS portal.